coffee_year,fg_usdkg_clean,fg_keskg_clean,fx_year_avg,cherry_keskg,auc_usdkg_mean,n_auction_months_y,n_recess_months_y,ny_usdkg_mean,ico_usdkg_mean,col_usdkg_mean,fx_usdkes_mean
1998/1999,2.368151675641996,159.82328064592699,67.48861666666666,,2.383938366314037,12,0,2.3219269171863126,1.882159819693028,2.5486723538434592,67.48861666666666
1999/2000,1.6775561068213316,126.45146728315261,75.37838333333333,,1.7529235918958637,12,0,2.2886554874515785,1.6061778111479255,2.4838197050507413,75.37838333333333
2000/2001,1.3683935915536185,107.5445268719436,78.59180833333333,,1.386632599196786,12,0,1.4603603965678111,1.0547833215683646,1.6986433582793,78.59180833333333
2001/2002,1.5535454487949902,122.16234727054209,78.63454999999999,,1.4684160684622622,12,0,1.154322032944837,1.002294931313182,1.4052815747319558,78.63455
2002/2003,1.3108013580604985,100.50952822326104,76.677925,,1.2128198377027097,12,0,1.4525523581154303,1.1501699936736884,1.4526809611017046,76.677925
2003/2004,1.664144948367818,130.41487924121498,78.3675,,1.5586890436491139,12,0,1.6147023519524077,1.2735553730764915,1.64042294920731,78.3675
2004/2005,2.4199059372110785,186.11250095670698,76.9089815,,2.2473859156824263,12,0,2.3815987028176866,1.880543096437006,2.475552370218808,76.9089815
2005/2006,2.7011264343615116,196.67301515373546,72.81148066666667,,2.515274407802323,12,0,2.384813777474549,2.015851809852974,2.4921788991585845,72.81148066666667
2006/2007,2.6796956977964324,183.94325506459862,68.64333708333332,,2.6827566182397145,11,1,2.616795192858586,2.298135364725528,2.6913665530426214,68.64333708333334
2007/2008,3.565093748493758,236.107239395274,66.22749808333333,,3.5115455848239137,11,1,3.094702261709855,2.792613846951026,3.2141376922485123,66.22749808333333
2008/2009,3.1058650639636753,242.49385461452232,78.0761075,,3.060651634204309,11,1,2.693056763719372,2.464731347516567,3.624693540002301,78.07610749999999
2009/2010,4.773267301968435,372.7473031956012,78.09059908333333,,4.257094250965557,11,1,3.286136992707057,2.9632148941717573,4.626198481542653,78.09059908333333
2010/2011,6.79436776801896,584.7005601245411,86.05665458333333,,6.468943980707721,11,1,5.504060837707654,4.533824793687189,6.201970872364249,86.05665458333334
2011/2012,4.573041493437678,393.76648422843465,86.10603791666666,,4.581293561521751,12,0,4.361662138775983,3.743890136423591,4.915187763556664,86.10603791666666
2012/2013,3.4673354831004417,298.50086976846217,86.08941108333335,,3.2581872381371366,12,0,3.1018672852308633,2.8188672280062086,3.5003344522748474,86.08941108333333
2013/2014,4.412517780938834,384.3402018805121,87.10224433333333,,3.964382880672179,12,0,3.559749031933672,3.1084811530964096,3.933873490861409,87.10224433333333
2014/2015,4.352719555523762,416.4714919248714,95.68075466666666,,4.0753803361418734,11,1,3.395578134026666,3.0013916092401054,3.70949802352275,95.68075466666666
2015/2016,4.137285219625863,420.1494700212693,101.55197133333333,,3.7203734299242104,12,0,2.906409117948787,2.6742990995784752,3.2670670070280647,101.55197133333333
2016/2017,4.968417960142976,512.0514619649007,103.06126941666666,,4.391418218920434,11,1,3.169622687142349,2.9195817381143336,3.5006284019577607,103.06126941666668
2017/2018,4.358586553004263,443.0874517324351,101.65851850000001,,3.7870897220560793,11,1,2.658793253804806,2.4584665448994802,3.0542106928885655,101.6585185
2018/2019,3.432705718270572,350.3200048959786,102.05360833333333,,2.8455294831695745,12,0,2.314431200272027,2.215057835592193,2.8870451825868826,102.05360833333333
2019/2020,4.232103437401451,443.94039005729,104.89828441666667,51.27,3.7514845032259787,11,1,2.4964411695608253,2.36443939007763,3.390838195389692,104.89828441666667
2020/2021,5.889232499297161,642.7860555282542,109.14598050000001,86.79,5.575029084553619,11,1,3.1593895638059344,2.8758383509258176,4.192843161507912,109.14598050000001
2021/2022,6.1598625348106895,713.0521358454307,115.75780008333334,78.99,5.611419104755982,12,0,4.940283717735375,4.36305839976982,6.379755314961169,115.75780008333334
2022/2023,4.200614271088783,560.620363452894,133.4615195,71.97,3.839775754835722,10,2,3.774093466342919,3.6486136954493595,4.829152365739015,133.4615195
2023/2024,4.762448132780082,665.8074290974239,139.8036074166667,81.05,4.373490539577214,12,0,4.497466892281866,4.44672382826898,5.041898448747422,139.80360741666667
