coffee_year,coffee_year_month,calendar_year,calendar_month,ny_usdkg,ico_usdkg,col_usdkg,auc_usdkg,recess_flag,fx_usdkes
1998/1999,1,1998,10,2.3009646304235676,,2.535536477388277,2.3239906257709073,False,59.7311
1998/1999,2,1998,11,2.4623430063428975,,2.6839075798386993,2.3589157712420223,False,60.0472
1998/1999,3,1998,12,2.551189298003403,,2.732850202043742,2.8338173541963028,False,61.9056
1998/1999,4,1999,1,2.519001807724411,2.152152603448775,2.7132290607092884,3.0348656753331067,False,61.7456
1998/1999,5,1999,2,2.339545526305921,2.0361894535395293,2.577644769465589,3.4671287604289573,False,63.92
1998/1999,6,1999,3,2.3406478376168454,1.9709326239328058,2.580510778873992,3.3554531967481624,False,64.9056
1998/1999,7,1999,4,2.2692180646689453,1.8895820491865856,2.513710713431974,2.665068081186955,False,67.7222
1998/1999,8,1999,5,2.4879166287563432,1.9733577088168393,2.7326297397815575,2.2616514755029344,False,70.5
1998/1999,9,1999,6,2.417589167119367,1.9047939452773424,2.677514174235338,1.8873320460027423,False,72.9111
1998/1999,10,1999,7,2.1327519243765054,1.7240148902857426,2.3600485166891145,1.6391648247749095,False,74.2306
1998/1999,11,1999,8,2.090643632299194,1.7024095885916246,2.321026696282391,1.3883985379174928,False,75.1722
1998/1999,12,1999,9,1.9513114825983515,1.5860055141580092,2.155459537381548,1.3914740466639517,False,77.0722
1999/2000,1,1999,10,2.164939414655498,1.6834498340437252,2.2859731965949956,1.563221048030974,False,75.1944
1999/2000,2,1999,11,2.6045411654521438,1.9449180769949899,2.7945796354555084,2.2536832630461947,False,74.6611
1999/2000,3,1999,12,2.8505770500504672,2.1080601510117996,3.0941878497647566,2.340225094275316,False,72.9306
1999/2000,4,2000,1,2.623941844524413,1.8108770215865844,2.868875417811812,2.3233290900770127,False,72.8139
1999/2000,5,2000,2,2.419573327479031,1.6788201265378428,2.749825796231978,2.088261847829478,False,73.3972
1999/2000,6,2000,3,2.3582848185916356,1.6201771647966652,2.6347444953714723,1.9894153255435836,False,74.8739
1999/2000,7,2000,4,2.224023300921045,1.532874108971454,2.4839483080370157,1.8048722526498773,False,74.8556
1999/2000,8,2000,5,2.2304167065244065,1.5262602411059076,2.431919214161385,1.5559065878920524,False,76.7033
1999/2000,9,2000,6,2.078738670141211,1.4233043646655696,2.211236489714322,1.3512136196468927,False,77.9528
1999/2000,10,2000,7,2.127019905559699,1.4127221760806954,2.2414398196336505,1.3781204923405372,False,74.5611
1999/2000,11,2000,8,1.9111873508807036,1.269421705660525,2.0253868026924704,1.2084528954142528,False,77.6078
1999/2000,12,2000,9,1.8706222946386861,1.2632487623193485,1.9837194351395286,1.1783815860041904,False,78.9889
2000/2001,1,2000,10,1.9098645773075944,1.2431866964605247,1.9896719162185201,1.1161688033146768,False,79.3556
2000/2001,2,2000,11,1.7156373243227172,1.1501516218185064,1.8521034646151566,1.0081527464920663,False,79.3
2000/2001,3,2000,12,1.5527157125680928,1.064171339566404,1.6713244096235569,1.027304055527473,False,78.0361
2000/2001,4,2001,1,1.5461018447025463,1.0844538676874127,1.6607422210386829,1.192917541577122,False,78.6222
2000/2001,5,2001,2,1.4707037510353183,1.0886426506689255,1.6909455509580111,1.6154652071389757,False,78.0806
2000/2001,6,2001,3,1.4396185720672505,1.069462433858841,1.696236645250448,1.8182424438559321,False,77.8167
2000/2001,7,2001,4,1.383180232947922,1.0430069623966558,1.7251172015966671,1.8177727223785576,False,77.5506
2000/2001,8,2001,5,1.485915647126075,1.0886426506689255,1.7839806256000295,1.4958671664516114,False,78.5233
2000/2001,9,2001,6,1.3725980443630477,1.0258109059462355,1.6397983061311194,1.2902640034898831,False,78.985
2000/2001,10,2001,7,1.2661147717277519,0.9495309632302678,1.5366219674285968,1.1320498815901698,False,78.8761
2000/2001,11,2001,8,1.2284157248941379,0.9426966331025365,1.6203976270588503,1.40771434725708,False,78.9344
2000/2001,12,2001,9,1.1534585557512795,0.907643133415141,1.5167803638319577,1.7176722712878842,False,79.0211
2001/2002,1,2001,10,1.0602030188470764,0.9305712086823683,1.3860462423563253,1.3569144576883663,False,79.0811
2001/2002,2,2001,11,1.0965792921075812,0.9753250479058985,1.4305796193176705,1.3168246436339355,False,78.9733
2001/2002,3,2001,12,1.0688010470722864,0.9557039065714443,1.374141280198342,1.2655665272825876,False,78.6
2001/2002,4,2002,1,1.1274440088134638,0.9581289914554779,1.3781096009176697,1.768960659904076,False,78.5967
2001/2002,5,2002,2,1.0690215093344715,0.9766478214790076,1.3816369971126279,2.2101417900561917,False,78.11
2001/2002,6,2002,3,1.2037239515294316,1.0910677355529592,1.5050958639361591,2.099049927180681,False,78.0578
2001/2002,7,2002,4,1.2663352339899367,1.1067205561680855,1.5350787315933025,1.6576648489328125,False,78.3017
2001/2002,8,2002,5,1.1658044424336327,1.042786500134471,1.4539486191092676,1.5549391462964255,False,78.3211
2001/2002,9,2002,6,1.150592546342876,1.0044260665143023,1.3875894781916194,1.3660373491060702,False,78.7861
2001/2002,10,2002,7,1.1545608670622038,0.9854663119664029,1.3360013088403582,1.135761707666026,False,78.7356
2001/2002,11,2002,8,1.159631499092456,0.9433580198890912,1.2808857432941387,0.7721957134019867,False,79.0256
2001/2002,12,2002,9,1.3291669787126268,1.057337009438673,1.4142654119159899,1.1169360503979908,False,79.0256
2002/2003,1,2002,10,1.447775675768091,1.1197278296369932,1.4973796847596885,1.0476664330714838,False,79.6589
2002/2003,2,2002,11,1.5527157125680928,1.2054876496269107,1.5586681936470845,1.1293048585926737,False,80.1067
2002/2003,3,2002,12,1.4581374020907802,1.1395694332336321,1.4413822701647294,1.2798477960928056,False,77.0722
2002/2003,4,2003,1,1.51237111858826,1.1913780648470784,1.4830496377176714,1.354326135156594,False,77.7433
2002/2003,5,2003,2,1.4654126567428811,1.192039451633633,1.487458882961369,1.3095386436925212,False,76.6033
2002/2003,6,2003,3,1.3589293841075853,1.0937132826991776,1.3701729594790142,1.2299907021117695,False,76.6461
2002/2003,7,2003,4,1.4365321003966622,1.1435377539529599,1.4197769684706116,1.3602342488330021,False,74.4983
2002/2003,8,2003,5,1.4848133358151503,1.1726387725613638,1.4490984493412005,1.5305277146020537,False,73.1139
2002/2003,9,2003,6,1.3730389688874176,1.0780604620840513,1.3582679973210308,1.1896700806117928,False,74.1667
2002/2003,10,2003,7,1.412281251556326,1.121932452258842,1.4303591570554857,1.0511672325597732,False,75.4312
2002/2003,11,2003,8,1.4398390343294356,1.1512539331294307,1.4473347512437214,1.0326627924068075,False,76.6778
2002/2003,12,2003,9,1.4887816565344782,1.1927008384201878,1.489222581058848,1.0389014147012403,False,78.4167
2003/2004,1,2003,10,1.4517439964874188,1.1402308200201867,1.458798788877335,1.019365346500648,False,78.4467
2003/2004,2,2003,11,1.3853848555697708,1.0979020656806904,1.4195565062084268,0.9975934513967606,False,76.35
2003/2004,3,2003,12,1.451082609700864,1.1561041028974979,1.4700423642487639,0.9972405072071046,False,76.1389
2003/2004,4,2004,1,1.6503804947159935,1.2936725545008616,1.6261296458756571,1.7681212452487804,False,76.4722
2003/2004,5,2004,2,1.6700016360504477,1.319907563700862,1.687197692500868,2.2587230913766017,False,76.45
2003/2004,6,2004,3,1.6902841641714563,1.3404105540840556,1.7189442582554904,2.3122541225015714,False,77.7617
2003/2004,7,2004,4,1.6206180893210351,1.2963181016470802,1.6583171361546492,1.8321134307141975,False,78.3467
2003/2004,8,2004,5,1.6671356266420443,1.3207894127496016,1.7013072772807003,1.5527147174754854,False,79.3722
2003/2004,9,2004,6,1.7963265122823826,1.417131421324393,1.819034125287425,1.4078226181258,False,79.5128
2003/2004,10,2004,7,1.6181930044370016,1.2888223847327944,1.678379202013473,1.2053200358390779,False,80.4
2003/2004,11,2004,8,1.6034220328706148,1.2561939699294324,1.6611831455630524,1.5650808276313268,False,80.0444
2003/2004,12,2004,9,1.7718552011798612,1.3551815256504425,1.786185248221878,1.7879191297720118,False,81.1144
2004/2005,1,2004,10,1.7590683899731383,1.347024421949602,1.8302777006588535,1.6942615472878888,False,81.2722
2004/2005,2,2004,11,1.939626982702553,1.4934113640403606,2.0465511798622185,1.9557228165484037,False,81.2422
2004/2005,3,2004,12,2.252683395005079,1.7134327017008686,2.3313884226050803,2.2196402487124622,False,77.3444
2004/2005,4,2005,1,2.305373875667265,1.7493680504370035,2.385842601364745,2.2834878414818345,False,76.7278
2004/2005,5,2005,2,2.582494939233656,1.9709326239328058,2.679939259119372,2.6080378333655285,False,75.6222
2004/2005,6,2005,3,2.8889374836706354,2.236369187603398,2.9881455016538303,3.005616837307839,False,75.0167
2004/2005,7,2005,4,2.752250881116012,2.164939414655498,2.855206757556349,2.768428551958639,False,76.6022
2004/2005,8,2005,5,2.726456796440381,2.1997724520807087,2.8410971727765175,2.196507066612621,False,77.0567
2004/2005,9,2005,6,2.5858018731664294,2.1228311225781864,2.6739867780403803,2.2165486658556213,False,76.2056
2004/2005,10,2005,7,2.3516709507260893,1.950650095811797,2.4425014027462586,2.0120138290274934,False,76.0444
2004/2005,11,2005,8,2.33227027165382,1.8807635586991907,2.4017158842420563,2.0047628956492702,False,75.6956
2004/2005,12,2005,9,2.1025485944571773,1.7370221637546506,2.2299757820000368,2.0036028543815134,False,74.077778
2005/2006,1,2005,10,2.285091347546256,1.8199159743361644,2.341529686665585,2.1493225657712496,False,73.605556
2005/2006,2,2005,11,2.312428668057181,1.8944322189546532,2.4030386578151655,2.3651331760191097,False,74.485556
2005/2006,3,2005,12,2.2394556592739865,1.9147147470756616,2.3741581014689466,2.1716410275786497,False,72.3667
2005/2006,4,2006,1,2.70110363628912,2.2310780933109613,2.798107031650466,2.9567658749228385,False,71.982222
2005/2006,5,2006,2,2.5454572791865964,2.1470819714185225,2.67442770256475,2.8746384022370823,False,73.197778
2005/2006,6,2006,3,2.418911940692477,2.0450079440269247,2.557582703606765,3.133427578462958,False,71.872222
2005/2006,7,2006,4,2.4709410345681078,2.076754509781547,2.5985886843731523,2.978706800555132,False,71.157778
2005/2006,8,2006,5,2.348584479055501,1.9841603596638981,2.4649885534891163,2.6434014718306145,False,72.27
2005/2006,9,2006,6,2.216748046268944,1.896857303838687,2.333152120702559,1.7965650700994513,False,73.88
2005/2006,10,2006,7,2.2484946120235665,1.9526342561714605,2.3776854976639044,1.9688251471080174,False,73.616667
2005/2006,11,2006,8,2.436989846191637,2.1115875472067573,2.516356260578193,2.547362329224266,False,72.6244
2005/2006,12,2006,9,2.3935587805412157,2.115996792450455,2.46653178932441,2.597503449818507,False,72.678889
2006/2007,1,2006,10,2.4193528652168466,2.1060759906521356,2.4839483080370157,2.4434768375510574,False,72.02
2006/2007,2,2006,11,2.6673729101748336,2.2813434890891133,2.7326297397815575,2.855112730833289,False,69.9478
2006/2007,3,2006,12,2.8430813331361815,2.381212893858863,2.897094587371476,2.8554063740377233,False,69.3967
2006/2007,4,2007,1,2.728440956800045,2.33271119617819,2.7793677393647513,2.856568691588367,False,70.536667
2006/2007,5,2007,2,2.639815127401724,2.2967758474420545,2.729763730373154,2.988127939184019,False,69.733333
2006/2007,6,2007,3,2.5216473548706295,2.2066067822084396,2.6087299484336564,2.9612639288959097,False,68.781111
2006/2007,7,2007,4,2.4755707420739905,2.1891902634958345,2.5597873262286135,2.6516544753030877,False,68.305556
2006/2007,8,2007,5,2.4533040535933175,2.2066067822084396,2.535536477388277,2.450285494093698,False,66.965556
2006/2007,9,2007,6,2.6063048635496227,2.359607592164745,2.6720026176807163,2.183342859812872,False,66.564444
2006/2007,10,2007,7,2.5487642131193695,2.3413092244033997,2.6627432026689513,2.1111988191040196,False,67.508889
2006/2007,11,2007,8,2.6817029572168507,2.3805515070723082,2.760628447079037,,True,66.988889
2006/2007,12,2007,9,2.816184937149626,2.495632807932814,2.874166512104249,3.1538846502328135,False,66.9711
2007/2008,1,2007,10,2.9621309547160153,2.550968835741218,3.009089416561394,2.991602393837317,False,67.1144
2007/2008,2,2007,11,2.8175077107227353,2.522749666181554,2.939202879448788,2.836552744524453,False,64.4244
2007/2008,3,2007,12,2.9780042375933267,2.6049820899765135,3.0891172177345045,3.5435554420512267,False,62.675
2007/2008,4,2008,1,3.0538432557849244,2.6969148533076073,3.1451146323294634,4.059034683091368,False,70.5611
2007/2008,5,2008,2,3.4354634316269475,3.0604571236504703,3.5251915723361926,4.4062058638817705,False,68.977778
2007/2008,6,2008,3,3.2352836975630783,3.0020346241714777,3.3430897437714835,3.860319913792796,False,62.8478
2007/2008,7,2008,4,3.003357397744587,2.7899499279496256,3.131445972074001,3.3783837141707647,False,62.1356
2007/2008,8,2008,5,3.0209943787193776,2.7945796354555084,3.1658380849748418,2.896500145839975,False,62.028889
2007/2008,9,2008,6,3.165617622712657,2.877252983774837,3.288194640487449,,True,64.694444
2007/2008,10,2008,7,3.1814909055899685,2.9272979172908045,3.3329484797109794,3.6099594886513136,False,67.318333
2007/2008,11,2008,8,3.1803885942790435,2.8911421062924845,3.3296415457782063,3.5799900304750243,False,68.733333
2007/2008,12,2008,9,3.102344953465597,2.793036399620214,3.270778121774844,3.464897012747043,False,73.2189
2008/2009,1,2008,10,2.6700184573210524,2.387826761724409,2.8878351723597118,2.6958105883055494,False,79.652778
2008/2009,2,2008,11,2.58447909959332,2.378346884450459,2.875930210201728,3.0371913393318195,False,77.880556
2008/2009,3,2008,12,2.467193176110965,2.272304536339533,2.8856305497378623,3.230111448861336,False,77.711111
2008/2009,4,2009,1,2.640035589663909,2.3895904598218882,3.1376189154151777,3.453228033865608,False,79.543889
2008/2009,5,2009,2,2.5858018731664294,2.3721739411092826,3.1867819998824056,3.4266916586447542,False,79.687222
2008/2009,6,2009,3,2.501585289011806,2.334033969751299,3.3986462338420727,3.080209344921164,False,80.430556
2008/2009,7,2009,4,2.6120368823664295,2.4605793082454186,3.992571568168133,2.8551798778865227,False,78.661667
2008/2009,8,2009,5,2.897535511895846,2.7127881361849187,4.674902269630329,2.7022273800671637,False,78.348333
2008/2009,9,2009,6,2.8525612104101308,2.6246032313109673,4.328115131213517,2.588267494830977,False,77.157778
2008/2009,10,2009,7,2.6988990136672713,2.4890189400672678,4.129037708460572,,True,76.6067
2008/2009,11,2009,8,2.9112041721513084,2.589329269361387,4.087149878645445,3.3718327383240765,False,76.2333
2008/2009,12,2009,9,2.8953308892739975,2.566180731831975,3.9121028424706523,3.2264180712084265,False,74.9994
2009/2010,1,2009,10,3.103447264776522,2.6695775327966826,3.9270942762992243,3.0716607000077203,False,75.2389
2009/2010,2,2009,11,3.0937469252403873,2.63827189156643,3.931503521542922,3.545585654630749,False,74.9072
2009/2010,3,2009,12,3.1764202735597165,2.75489642826223,4.235300518833683,4.519600607944926,False,75.82
2009/2010,4,2010,1,3.147319254951312,2.796563795815172,4.574812402598394,4.721169779724003,False,75.8856
2009/2010,5,2010,2,2.96191049245383,2.7198429285748347,4.513082969186629,5.343868422485721,False,76.8972
2009/2010,6,2010,3,2.9755791527092925,2.762392145176516,4.5351291954051165,4.706002974717433,False,77.3314
2009/2010,7,2010,4,2.978886086642066,2.797445644863912,4.398222130588308,3.5937823017005623,False,77.266
2009/2010,8,2010,5,2.9940979827328222,2.8241215785882816,4.416520498349652,3.013865173195759,False,79.7453
2009/2010,9,2010,6,3.358963026648795,3.134973368268959,4.949157323788317,2.8406551140023173,False,81.9167
2009/2010,10,2010,7,3.642697958080732,3.382111564178207,5.192327198978237,,True,80.229722
2009/2010,11,2010,8,3.8602942108572065,3.4713987803630824,5.378838272786643,6.565914586559771,False,81.071111
2009/2010,12,2010,9,4.140281283832001,3.6069830716067823,5.462393470154712,4.905931445652171,False,80.778056
2010/2011,1,2010,10,4.198262858786624,3.5617883078588823,5.071072954776554,4.546303080948514,False,80.786944
2010/2011,2,2010,11,4.561805129129486,3.8338387393950213,5.3797201218353825,5.824061139756144,False,80.974167
2010/2011,3,2010,12,4.883459569657223,4.062237643018554,5.775449882457239,6.667429530588265,False,80.751944
2010/2011,4,2011,1,5.248104151311011,4.350822744218559,6.170297794030353,8.25987327333705,False,81.272222
2010/2011,5,2011,2,5.763103995774886,4.762646249979911,6.535383300208511,7.8638529420623255,False,82.363889
2010/2011,6,2011,3,6.042870606487495,4.945629927593359,6.628859299374899,7.024949632923459,False,82.9889
2010/2011,7,2011,4,6.295961283475734,5.097969350763109,6.899366495075744,5.61525833920438,False,83.4194
2010/2011,8,2011,5,6.12267794539842,5.025878191028654,6.661708176440446,,True,85.7044
2010/2011,9,2011,6,5.787575306877406,4.752725448181591,6.348210839613549,6.545962193819595,False,89.863889
2010/2011,10,2011,7,5.641629289311017,4.637644147321085,6.287804179774893,6.529765508110194,False,91.1
2010/2011,11,2011,8,5.740616845032027,4.677988741300918,6.326605537919432,6.190196591294377,False,93.6222
2010/2011,12,2011,9,5.762663071250515,4.6967280335866315,6.33917188686397,6.090731555740623,False,99.8319
2011/2012,1,2011,10,5.219223594964792,4.274763263764776,5.680430647455556,5.293969976394528,False,99.7783
2011/2012,2,2011,11,5.186374717899245,4.269472169472339,5.665659675889169,5.767882471597666,False,89.7208
2011/2012,3,2011,12,5.009563983626973,4.167177679818556,5.54683051657152,6.730817950790581,False,85.0681
2011/2012,4,2012,1,5.015516464705965,4.1645321326723375,5.6418497515732025,6.260210029556944,False,84.5875
2011/2012,5,2012,2,4.6757841186790685,4.018806577368133,5.382365668981601,5.601039616394685,False,82.970833
2011/2012,6,2012,3,4.161886585526119,3.6986953726756915,4.912781050527812,4.662812174155943,False,83.0556
2011/2012,7,2012,4,4.0069016152101495,3.5375374590185458,4.728033674816885,4.100731170225321,False,83.216389
2011/2012,8,2012,5,3.8911589275630893,3.4762489501311498,4.570623619616882,3.592889512704922,False,86.825
2011/2012,9,2012,6,3.5258529591227474,3.203537131808456,4.071276595768134,3.046673051967967,False,84.2333
2011/2012,10,2012,7,4.038868643226957,3.5068932045748475,4.46568358281688,3.5328452688854113,False,84.2125
2011/2012,11,2012,8,3.742787825112667,3.273864593445432,4.125730774527799,3.275414629070856,False,84.320833
2011/2012,12,2012,9,3.8660262296740133,3.335153102332828,4.190987604134523,3.11023688651619,False,85.2833
2012/2013,1,2012,10,3.7573383344168687,3.243440801263919,3.998964973771494,3.0881176695009156,False,85.1775
2012/2013,2,2012,11,3.4330383467429137,3.0060029448908057,3.7496221552403983,3.171253767398994,False,85.9347
2012/2013,3,2012,12,3.297674517761399,2.8948899647496273,3.6243995903193875,3.553544322197082,False,86.0008
2012/2013,4,2013,1,3.4012917809882914,2.9846181054588725,3.7300010139059436,3.9196804342744542,False,87.6111
2012/2013,5,2013,2,3.194277716796691,2.899299209993325,3.56487477952947,3.5729862073593823,False,86.236111
2012/2013,6,2013,3,3.117997774080724,2.8964332005849216,3.5611269210723275,3.7495680952329495,False,85.6386
2012/2013,7,2013,4,3.084487510228622,2.8560886066050895,3.5661975531025796,3.2845773440444406,False,83.8208
2012/2013,8,2013,5,3.0564888029311423,2.7989888806992056,3.491019921697536,2.7366503394692767,False,85.1236
2012/2013,9,2013,6,2.785981607230298,2.5921952787697906,3.252920678537869,2.450924947963866,False,86.0075
2012/2013,10,2013,7,2.7617307583899615,2.6219576841647494,3.250936518178205,2.921633309198158,False,87.279722
2012/2013,11,2013,8,2.6964739287832376,2.5672830431428992,3.158342368060556,3.4098936612812003,False,87.596667
2012/2013,12,2013,9,2.6356263444202113,2.465209015751301,3.055606953882403,3.2394167597249233,False,86.645833
2013/2014,1,2013,10,2.580510778873992,2.359607592164745,2.950446454820217,2.842138353819503,False,85.146944
2013/2014,2,2013,11,2.405243280437014,2.2264483858050785,2.748062098134499,2.951045283428723,False,86.993056
2013/2014,3,2013,12,2.515915336053823,2.3492458658420556,2.789729465687441,3.1899547611445644,False,86.309722
2013/2014,4,2014,1,2.6658296743395398,2.441619553697519,2.9299434644370232,3.4191324361566116,False,86.2361
2013/2014,5,2014,2,3.4542027239126623,3.038190435169798,3.7968010793479614,4.629807014033542,False,86.326389
2013/2014,6,2014,3,4.203333490816876,3.6382887128370345,4.653296967936211,5.312296880164358,False,86.441389
2013/2014,7,2014,4,4.417843271922761,3.760645268349642,4.86383842832277,4.5014791096187645,False,86.871111
2013/2014,8,2014,5,4.212372443566456,3.614258326258883,4.666304241405118,4.102099117725378,False,87.797222
2013/2014,9,2014,6,3.8759470314723328,3.34926268711266,4.302761971062256,4.1697328918161025,False,87.626944
2013/2014,10,2014,7,3.874403795637039,3.362049498319383,4.281597593892507,3.5877658678470326,False,87.804167
2013/2014,11,2014,8,4.276526961862255,3.595298571710984,4.66498146783201,4.311879968808216,False,88.394444
2013/2014,12,2014,9,4.234859594309313,3.566858939889134,4.558718657458899,4.555262883503347,False,89.279444
2014/2015,1,2014,10,4.632353053028647,3.8113515886521636,4.90726949397319,4.7285704251151435,False,89.352222
2014/2015,2,2014,11,4.240150688601751,3.5752365058521596,4.550561553758058,4.5538435275764275,False,90.179167
2014/2015,3,2014,12,3.920259946171493,3.3214844420773657,4.192310377707632,4.605863669183658,False,90.501667
2014/2015,4,2015,1,3.8181859187798945,3.2681325746286256,4.084283869237042,4.515687955968629,False,91.6736
2014/2015,5,2015,2,3.517475393159722,3.1107225194286223,3.8384684469009036,5.34192245403481,False,91.4231
2014/2015,6,2015,3,3.0798578027227395,2.800752578796685,3.401512243250476,4.22879277104075,False,92.335
2014/2015,7,2015,4,3.125934415519379,2.8444041067092907,3.4625802898756874,3.3884761462740465,False,94.6
2014/2015,8,2015,5,2.9810907092639147,2.722488475721053,3.311122715754676,3.13660230144268,False,97.781
2014/2015,9,2015,6,2.995200294043747,2.755116890524415,3.351467309734509,,True,98.6394
2014/2015,10,2015,7,2.834924229435341,2.6404765141882787,3.186120613095851,3.345757083895327,False,102.5212
2014/2015,11,2015,8,2.9193612758521486,2.672223079942901,3.239913405068961,3.6071791485448546,False,103.8699
2014/2015,12,2015,9,2.6821438817412204,2.494310034359705,2.988365963916016,3.376488214484286,False,105.2928
2015/2016,1,2015,10,2.85388398398324,2.6109345710555054,3.1548149718655982,3.1092749733809906,False,101.8
2015/2016,2,2015,11,2.697355777831977,2.5359774019126466,3.0562683406689577,3.3011920751255763,False,102.1143
2015/2016,3,2015,12,2.7286614190622296,2.5271589114252517,3.084046585704252,4.259805426261684,False,102.3114
2015/2016,4,2016,1,2.6499563914622284,2.4447060253681077,2.98087024700173,4.513434769927643,False,102.2834
2015/2016,5,2016,2,2.629012476554665,2.463665779916007,3.0240808503899657,4.765069816976738,False,101.6971
2015/2016,6,2016,3,2.807145984400046,2.5977068353244124,3.2011120469244223,4.30885121631926,False,101.3339
2015/2016,7,2016,4,2.7632739942252558,2.5999114579462614,3.1671608585479514,3.355484091048128,False,101.1413
2015/2016,8,2016,5,2.795461484504248,2.643562985858867,3.1854592263092965,2.612747431457304,False,100.8306
2015/2016,9,2016,6,3.066630066991647,2.8009730410588696,3.4581710446319898,2.653980369600925,False,101.1022
2015/2016,10,2016,7,3.2663688765311463,2.9317071625345017,3.6257223638924967,3.197537476621057,False,101.388889
2015/2016,11,2016,8,3.2048599053815656,2.8880556346218964,3.544592251408462,4.246391014179077,False,101.3589
2015/2016,12,2016,9,3.414299054457199,3.0472293879193777,3.722505296991658,4.320712498192143,False,101.261667
2016/2017,1,2016,10,3.528939430793335,3.1455555568538336,3.798123852921071,4.02173772015716,False,101.458611
2016/2017,2,2016,11,3.6429184203429172,3.2147807071798846,3.9209213329580477,4.608534095385145,False,101.8769
2016/2017,3,2016,12,3.1534921982924886,2.9034879929748376,3.453320874863922,5.03920732593687,False,102.485833
2016/2017,4,2017,1,3.3563174795025765,3.0659686802050925,3.6367454770017407,5.64193352629871,False,103.955556
2016/2017,5,2017,2,3.27695106511602,3.0353244257613947,3.608305845179891,5.818577318850004,False,103.341667
2016/2017,6,2017,3,3.160987915206775,2.9557375491126536,3.492122233008461,4.834837692039752,False,103.0
2016/2017,7,2017,4,3.0699370009244205,2.8746074366286183,3.416503677079048,2.8761397730213627,False,103.222222
2016/2017,8,2017,5,2.9861613412941663,2.764596767798365,3.3380191117412314,2.71001583267439,False,103.381111
2016/2017,9,2017,6,2.825885276685761,2.698237626880717,3.2213945750454314,,True,103.711667
2016/2017,10,2017,7,2.9918933601109736,2.8056027485647523,3.3622699605815676,4.04614900584295,False,103.911111
2016/2017,11,2017,8,3.0448043030353444,2.82720805025887,3.420471997798376,4.3152929553550345,False,103.143333
2016/2017,12,2017,9,2.9971844544034103,2.743873315152986,3.3393418853143406,4.39317516256339,False,103.247222
2017/2018,1,2017,10,2.8880556346218964,2.645767608480716,3.1803885942790435,3.7627886921826446,False,103.694444
2017/2018,2,2017,11,2.865127559354669,2.5851404863798746,3.176640735821901,3.956535304235754,False,103.253333
2017/2018,3,2017,12,2.761289833865592,2.5132697889076043,3.1221865570622365,4.377586800716637,False,103.231667
2017/2018,4,2018,1,2.8142007767899626,2.548543750857185,3.169585943431985,4.85194482394168,False,102.357222
2017/2018,5,2018,2,2.729763730373154,2.517458571889117,3.1195410099160177,5.541628607677252,False,101.616667
2017/2018,6,2018,3,2.6821438817412204,2.4910031004269317,3.0743462461681177,4.528421317497855,False,100.847222
2017/2018,7,2018,4,2.649295004675674,2.481523223152982,3.0708188499731595,2.982469390230355,False,100.361111
2017/2018,8,2018,5,2.70066271176475,2.4987192796034026,3.0922036894050926,2.1597888961164493,False,101.481111
2017/2018,9,2018,6,2.6497359292000437,2.4347852235697878,3.0545046425714792,,True,101.05
2017/2018,10,2018,7,2.5145925624807135,2.3633554506218877,2.95243061517988,3.3315525218764224,False,100.408333
2017/2018,11,2018,8,2.3836379787428963,2.257754027035331,2.865788946141224,3.3296080042818974,False,100.645556
2017/2018,12,2018,9,2.267013442047096,2.164278027868943,2.7720924847126507,2.8356625838599228,False,100.955556
2018/2019,1,2018,10,2.639594665139539,2.4517608177580232,3.1047700383496313,3.0850661258582006,False,101.847222
2018/2019,2,2018,11,2.580731241136177,2.4160459312840734,3.07037792544879,3.4839455412342257,False,102.544444
2018/2019,3,2018,12,2.33227027165382,2.2180708198420533,2.8188304842958445,3.8669170755149374,False,101.846111
2018/2019,4,2019,1,2.3794491957613837,2.2390147347496168,2.8501361255260975,4.41630438415878,False,100.89
2018/2019,5,2019,2,2.2954530738689454,2.2193935934151625,2.820373720131139,4.401136334803026,False,100.086111
2018/2019,6,2019,3,2.17904899943533,2.1495070563025562,2.760848909341222,2.7921171453256863,False,100.75
2018/2019,7,2019,4,2.101225820884068,2.081604679549614,2.7429914661042467,2.017504012294121,False,101.380278
2018/2019,8,2019,5,2.0913050190857487,2.0575742929714624,2.742550541579877,1.9343094275100077,False,101.355556
2018/2019,9,2019,6,2.3025078662588614,2.2039612350622213,2.942950737905931,1.8950019019465096,False,102.2983
2018/2019,10,2019,7,2.4032591200773505,2.270981762766424,3.03422211445047,2.0030240078090675,False,104.209722
2018/2019,11,2019,8,2.2017566124403727,2.1179809528101186,2.848372427428618,2.0556858146568353,False,103.55
2018/2019,12,2019,9,2.2665725175227265,2.1547981505949934,2.90811770048072,2.195342026923498,False,103.885556
2019/2020,1,2019,10,2.257754027035331,2.146200122369783,2.912086021200048,2.4938070149880778,False,103.205882
2019/2020,2,2019,11,2.4980578928168478,2.3640168374084425,3.2213945750454314,3.222295310162085,False,102.806471
2019/2020,3,2019,12,2.8977559741580308,2.5875655712639083,3.5604655342857727,4.280467730899044,False,101.336471
2019/2020,4,2020,1,2.580510778873992,2.3565211204941563,3.2522592917513142,4.318943548379998,False,100.585
2019/2020,5,2020,2,2.3521118752504586,2.248715074285751,3.2282289051731623,4.230248231868554,False,100.982353
2019/2020,6,2020,3,2.5593464017042438,2.40414096912609,3.5051295064773687,4.023007551427827,False,104.692647
2019/2020,7,2020,4,2.5474414395462603,2.4010544974555015,3.5697249492975374,2.879404940786399,False,107.291471
2019/2020,8,2020,5,2.3708511675361734,2.3027283285210465,3.416283214816863,3.043731769218735,False,106.943529
2019/2020,9,2020,6,2.1935995087395317,2.1836787069412122,3.2443226503126583,,True,106.522353
2019/2020,10,2020,7,2.3413092244033997,2.285311809808441,3.381450177391652,3.473626313543675,False,107.707353
2019/2020,11,2020,8,2.667152447912649,2.530465845358025,3.6870108727798927,4.85524918755147,False,108.208824
2019/2020,12,2020,9,2.6914032967529855,2.562873797899202,3.711702646144599,4.445547936659899,False,108.497059
2020/2021,1,2020,10,2.440517242386595,2.333593045226929,3.4012917809882914,4.8266525373027385,False,108.818824
2020/2021,2,2020,11,2.5458982037109665,2.418471016168107,3.5540721286824115,5.228453748921702,False,110.053529
2020/2021,3,2020,12,2.743873315152986,2.5295839963092854,3.7575587966790533,5.9683017193864565,False,109.171765
2020/2021,4,2021,1,2.812878003216853,2.5514097602655883,3.8232565508101466,6.362326120396967,False,110.144118
2020/2021,5,2021,2,2.859175078275677,2.6312170991765136,3.901300191623594,6.1448415945092005,False,109.8
2020/2021,6,2021,3,2.9039289174992073,2.6534837876571866,3.912984691519392,5.100334238110407,False,109.511765
2020/2021,7,2021,4,2.909660936316014,2.6806006459059266,3.9883827851866203,4.1122694767195025,False,107.844118
2020/2021,8,2021,5,3.303847461102576,2.9711699074655953,4.386978555216879,,True,107.591176
2020/2021,9,2021,6,3.44869116735804,3.109399745855513,4.553868487690831,5.083613183391547,False,107.85
2020/2021,10,2021,7,3.715891429126112,3.3523491587832486,4.765732721650498,6.201409267044844,False,108.608824
2020/2021,11,2021,8,4.0108699359294775,3.5304826666286293,4.969219389647141,6.261497402425436,False,109.871765
2020/2021,12,2021,9,4.217443075596709,3.7482993816672887,5.2994718584000875,6.035620641881003,False,110.485882
2021/2022,1,2021,10,4.542624912319403,4.0029332944908225,5.707106581179926,6.01955383318567,False,111.214706
2021/2022,2,2021,11,4.937031899368148,4.302761971062256,6.163243001640438,6.88444743029895,False,112.488235
2021/2022,3,2021,12,5.161903406796723,4.476706695926124,6.405971952305988,6.67069850791913,False,113.141176
2021/2022,4,2022,1,5.205775396971514,4.503823554174864,6.502093498618595,6.659812679825268,False,113.573529
2021/2022,5,2022,2,5.4097029894925255,4.649328647216883,6.75408186429591,6.3856245407298085,False,113.835294
2021/2022,6,2022,3,4.903962560040417,4.294163942837045,6.301031915505986,5.032275415027134,False,114.95125
2021/2022,7,2022,4,4.968558002860586,4.373309894961417,6.451607640578257,4.528675987964751,False,115.773529
2021/2022,8,2022,5,4.819525513623609,4.270574480783264,6.314921038023633,4.072713929453404,False,116.738235
2021/2022,9,2022,6,5.056963369996722,4.463478960195031,6.648480440709353,5.256418643383897,False,117.832353
2021/2022,10,2022,7,4.648226335905959,4.206860887011834,6.306763934322793,5.591574707955097,False,118.8
2021/2022,11,2022,8,4.81776181552613,4.411670328581586,6.518187243758091,5.327536061624378,False,120.012941
2021/2022,12,2022,9,4.8113684099227685,4.401088139996711,6.483574668595064,4.9076975197043025,False,120.732353
2022/2023,1,2022,10,4.2267024906084725,3.9361332290488042,5.775008957932868,4.1382169274215865,False,121.332353
2022/2023,2,2022,11,3.633218080806783,3.453761799388292,4.921158616490837,3.6209558218928084,False,122.447059
2022/2023,3,2022,12,3.6643032597748504,3.4654462992840904,4.941000220087476,3.7577905820154966,False,123.373529
2022/2023,4,2023,1,3.522986949714344,3.4601552049916533,4.826139381489155,3.9144424821895223,False,124.402941
2022/2023,5,2023,2,3.98882370971099,3.853018956205106,5.255599868225296,4.422759605273167,False,126.852941
2022/2023,6,2023,3,3.883883672910988,3.7485198439294733,4.965471531189998,3.9406681044797285,False,132.332353
2022/2023,7,2023,4,4.129258170722757,3.9367946158353586,5.177556227411849,3.454060088497069,False,135.911765
2022/2023,8,2023,5,4.037325407391663,3.8686717768202317,5.002950115761427,3.5990819803066216,False,138.491176
2022/2023,9,2023,6,3.847948324174853,3.7754162399160287,4.670493024386631,,True,140.523529
2022/2023,10,2023,7,3.5179163176840915,3.502704421593335,4.201569792719397,,True,142.364706
2022/2023,11,2023,8,3.4515571767664435,3.406803337542913,4.134769727277379,3.749229829744598,False,145.405882
2022/2023,12,2023,9,3.3851980358487954,3.3759386208370303,4.078110925895865,3.8005521265366236,False,148.1
2023/2024,1,2023,10,3.4372271297244263,3.34970361163703,4.099936689852168,3.867832950583724,False,150.558824
2023/2024,2,2023,11,3.7533700136975408,3.5611269210723275,4.317753404890827,3.4808511363915606,False,153.15
2023/2024,3,2023,12,4.1153690482051095,3.8741833333748534,4.644698939711001,3.790059606086586,False,156.461765
2023/2024,4,2024,1,4.035782171556369,3.8891747672034254,4.533145035045453,4.281762291940598,False,160.751
2023/2024,5,2024,2,4.086708954121076,4.013295020813511,4.61934577955974,5.093422048329765,False,143.5891
2023/2024,6,2024,3,4.069512897670656,4.108975642601748,4.635439524699236,4.9516636766210675,False,131.8005
2023/2024,7,2024,4,4.805415928843776,4.781606004527809,5.33077749963034,4.976530221061855,False,133.2789
2023/2024,8,2024,5,4.6045748079933535,4.593992619408479,5.147793822016891,3.9743641302966597,False,130.2333
2023/2024,9,2024,6,4.992808851700922,5.000745493139578,5.520154582847149,4.326000748361793,False,129.527
2023/2024,10,2024,7,5.184170095277397,5.214814349721094,5.683958043650514,4.027998472164889,False,129.9225
2023/2024,11,2024,8,5.275441471821935,5.26662298133454,5.812928467028668,4.798585551410411,False,129.1747
2023/2024,12,2024,9,5.60922133676984,5.70644519439337,6.156849596037076,4.91281564167766,False,129.1957
