coffee_year,AUC_pos_cum,AUC_neg_cum,ECT,ECT_lag1,lnFG_lag1,lnAUC_y,lnAUC_y_lag1
1998/1999,,,,,,0.8687538958127148,
1999/2000,0.0,-0.3074688778766902,-0.0651410353802393,,0.8621097671841844,0.5612850179360246,0.8687538958127148
2000/2001,0.0,-0.5418756783963812,-0.05242388485935828,-0.0651410353802393,0.5173380359936901,0.3268782174163336,0.5612850179360246
2001/2002,0.057306098001616346,-0.5418756783963812,0.01823086344662017,-0.05242388485935828,0.31363749094286514,0.38418431541794995,0.3268782174163336
2002/2003,0.057306098001616346,-0.7331119010972881,0.02488999397837427,0.01823086344662017,0.44053970516489105,0.19294809271704302,0.38418431541794995
2003/2004,0.30820311661325406,-0.7331119010972881,0.017300641497235314,0.02488999397837427,0.270638673896684,0.44384511132868076,0.19294809271704302
2004/2005,0.6741257308181059,-0.7331119010972881,0.032555044833919355,0.017300641497235314,0.5093114469994223,0.8097677255335326,0.44384511132868076
2005/2006,0.7867399113544881,-0.7331119010972881,0.03196143197934209,0.032555044833919355,0.883728670492137,0.9223819060699148,0.8097677255335326
2006/2007,0.8512028600676643,-0.7331119010972881,-0.03927631552124611,0.03196143197934209,0.9936688839191031,0.986844854783091,0.9223819060699148
2007/2008,1.1204142833988873,-0.7331119010972881,-0.018027410585652603,-0.03927631552124611,0.9857032424776297,1.2560562781143139,0.986844854783091
2008/2009,1.1204142833988873,-0.8705403335640972,-0.02904373261734383,-0.018027410585652603,1.2711903504331967,1.1186278456475047,1.2560562781143139
2009/2010,1.450373264583821,-0.8705403335640972,0.07683147294405956,-0.02904373261734383,1.1332922801136598,1.4485868268324384,1.1186278456475047
2010/2011,1.8687993151231963,-0.8705403335640972,0.019198087770410766,0.07683147294405956,1.5630310393822067,1.8670128773718138,1.4485868268324384
2011/2012,1.8687993151231963,-1.2155718156741595,-0.05816469762838117,0.019198087770410766,1.9160939995684538,1.5219813952617516,1.8670128773718138
2012/2013,1.8687993151231963,-1.5563822321381848,-0.02030122115623967,-0.05816469762838117,1.5201785182052059,1.1811709787977263,1.5219813952617516
2013/2014,2.0649785376020535,-1.5563822321381848,0.028202656991785258,-0.02030122115623967,1.2433864266884744,1.3773502012765833,1.1811709787977263
2014/2015,2.092592412685493,-1.5563822321381848,-0.012545716002716034,0.028202656991785258,1.4844454519258192,1.4049640763600229,1.3773502012765833
2015/2016,2.092592412685493,-1.6475222608630997,0.020838937982096573,-0.012545716002716034,1.47080083493163,1.313824047635108,1.4049640763600229
2016/2017,2.258420596667578,-1.6475222608630997,0.04113578876144497,0.020838937982096573,1.420039828691332,1.479652231617193,1.313824047635108
2017/2018,2.258420596667578,-1.795576651721912,0.04687437458986743,0.04113578876144497,1.6031014715559708,1.3315978407583806,1.479652231617193
2018/2019,2.258420596667578,-2.0814253321411513,0.07198711027960747,0.04687437458986743,1.4721478197108313,1.0457491603391413,1.3315978407583806
2019/2020,2.534823065502807,-2.0814253321411513,0.010041050647999539,0.07198711027960747,1.233348789353715,1.3221516291743705,1.0457491603391413
2020/2021,2.930968970621301,-2.0814253321411513,-0.048360189383300556,0.010041050647999539,1.4426991359873254,1.7182975342928646,1.3221516291743705
2021/2022,2.9374750837236445,-2.0814253321411513,-0.009817335112774828,-0.048360189383300556,1.773125683450923,1.724803647395208,1.7182975342928646
2022/2023,2.9374750837236445,-2.460815011820103,-0.04236688813481404,-0.009817335112774828,1.8180544615189422,1.3454139677162564,1.724803647395208
2023/2024,3.0676225567588276,-2.460815011820103,-0.044579029320696684,-0.04236688813481404,1.4352307696162385,1.4755614407514395,1.3454139677162564
