index,coef,hac_se,t,p
const,1.19244,0.311,3.834,0.0001
lnAUC_lag1,-0.3098,0.04793,-6.464,0.0
NY_pos_lag1,0.26271,0.05419,4.848,0.0
NY_neg_lag1,0.22333,0.05504,4.058,0.0
lnFX_lag1,-0.23743,0.07195,-3.3,0.001
dlnAUC_lag1,0.33173,0.07714,4.3,0.0
dlnAUC_lag2,-0.05466,0.06458,-0.846,0.3973
dNY_pos_lag0,1.33513,0.21116,6.323,0.0
dNY_neg_lag0,0.62082,0.2139,2.902,0.0037
dNY_pos_lag1,-0.56242,0.29467,-1.909,0.0563
dNY_neg_lag1,0.04497,0.19566,0.23,0.8182
dNY_pos_lag2,0.31459,0.28545,1.102,0.2704
dNY_neg_lag2,-0.33136,0.20977,-1.58,0.1142
dlnFX_lag0,-0.64901,0.36082,-1.799,0.0721
