series,transformation,ADF_stat,ADF_p,PP_stat,PP_p,KPSS_stat,KPSS_p,n,verdict
lnNY,level,-1.3149,0.6223,-1.5133,0.5269,1.2498,0.01,310,I(1) candidate
lnNY,d1,-15.0113,0.0,-15.178,0.0,0.0875,0.1,310,I(0)
lnAUC,level,-1.8195,0.3708,-2.578,0.0976,1.7751,0.01,286,I(1) candidate
lnAUC,d1,-5.0808,0.0,-14.854,0.0,0.0412,0.1,287,I(0)
lnICO,level,-0.7176,0.8421,-0.8858,0.7926,1.5653,0.01,307,I(1) candidate
lnICO,d1,-14.1851,0.0,-14.4331,0.0,0.1649,0.1,307,I(0)
lnCOL,level,-1.1792,0.6825,-1.2385,0.6568,1.4608,0.01,310,I(1) candidate
lnCOL,d1,-14.2057,0.0,-14.2308,0.0,0.0921,0.1,310,I(0)
lnFX,level,-1.1892,0.6782,-1.1193,0.7073,2.2781,0.01,308,I(1) candidate
lnFX,d1,-8.676,0.0,-13.4524,0.0,0.0555,0.1,308,I(0)
lnFG_y,level,-1.6238,0.4707,-1.0515,0.734,0.5759,0.0248,24,I(1) candidate
lnFG_y,d1,-2.9303,0.0419,-5.6898,0.0,0.2136,0.1,15,I(0)
lnAUC_y,level,-0.2819,0.928,-1.1178,0.7079,0.5379,0.0331,16,I(1) candidate
lnAUC_y,d1,-3.7947,0.003,-5.2802,0.0,0.1918,0.1,15,I(0)
lnNY_y,level,-1.403,0.5808,-1.1361,0.7004,0.4345,0.0623,25,ambiguous
lnNY_y,d1,-2.2734,0.1807,-4.8235,0.0,0.1005,0.1,15,I(0)
