variant,coffee_year,actual_lnFG,xgb_lnFG,nardl_lnFG
baseline,2008/2009,1.1332922801136598,1.0283408164978027,1.138184369331961
baseline,2009/2010,1.5630310393822067,1.2643026113510132,1.4286469813612173
baseline,2010/2011,1.9160939995684538,1.5380553007125854,1.8677679302685906
baseline,2011/2012,1.5201785182052059,1.5865328311920166,1.5895117335336364
baseline,2012/2013,1.2433864266884744,1.2679599523544312,1.2943740512514055
baseline,2013/2014,1.4844454519258192,1.4729739427566528,1.370665146794516
baseline,2014/2015,1.47080083493163,1.5212955474853516,1.1307242731324298
baseline,2015/2016,1.420039828691332,1.189797282218933,1.3897601976010203
baseline,2016/2017,1.6031014715559708,1.4369715452194214,1.5822091626331212
baseline,2017/2018,1.4721478197108313,1.1946749687194824,1.4112641747339805
baseline,2018/2019,1.233348789353715,0.7661974430084229,1.19574505824182
baseline,2019/2020,1.4426991359873254,1.3700733184814453,1.543770912284698
baseline,2020/2021,1.773125683450923,1.5191106796264648,1.899594042989535
baseline,2021/2022,1.8180544615189422,1.6556527614593506,1.8297314961164675
baseline,2022/2023,1.4352307696162385,1.4725370407104492,1.4770050624529996
baseline,2023/2024,1.5607618496386761,1.5842660665512085,1.6148330356248142
preseason,2009/2010,1.5630310393822067,1.1656908988952637,0.9838725029902377
preseason,2010/2011,1.9160939995684538,1.415521264076233,1.7794975740527796
preseason,2011/2012,1.5201785182052059,1.9785411357879639,2.302760927001997
preseason,2012/2013,1.2433864266884744,1.7319073677062988,1.2904389617074927
preseason,2013/2014,1.4844454519258192,1.233663558959961,0.8782070342935349
preseason,2014/2015,1.47080083493163,1.3788349628448486,1.6582526295583904
preseason,2015/2016,1.420039828691332,1.4593063592910767,1.3431002774855647
preseason,2016/2017,1.6031014715559708,1.4469988346099854,1.146817303703362
preseason,2017/2018,1.4721478197108313,1.7241543531417847,2.025847007847926
preseason,2018/2019,1.233348789353715,1.4992876052856445,1.321904061749269
preseason,2019/2020,1.4426991359873254,0.9816138744354248,0.9889890402019116
preseason,2020/2021,1.773125683450923,1.39621102809906,2.3066460534125524
preseason,2021/2022,1.8180544615189422,1.4672882556915283,2.21166804625675
preseason,2022/2023,1.4352307696162385,1.656644344329834,1.8391710446595793
preseason,2023/2024,1.5607618496386761,1.5865453481674194,1.1175916327621982
